utente,media_sentiment,sentiment_score_rounded,sentiment_label
1000000001,-0.2,0,Neutral
1000000002,-0.047619047619047616,0,Neutral
1000000003,-0.6923076923076923,-1,Negative
1000000004,-0.26666666666666666,0,Neutral
1000000005,-0.5416666666666666,-1,Negative
1000000006,-0.1,0,Neutral
1000000007,-0.16666666666666666,0,Neutral
